paper_id,title,year,source_url,evidence_checked,dataset_or_scope,relevance,unresolved,checked_on,study_family,representation,task_detail,split_verification,implementation_status
sarwar2026,"GAT-BiGRU: explainable multi-task temporal graph learning for glucose forecasting, hypoglycemia risk, and counterfactual insulin adjustment",2026,https://pubmed.ncbi.nlm.nih.gov/42314749/,PubMed abstract,OhioT1DM; BrisT1D,Temporal graph comparator; 30/60-minute tasks,Full methods; labels; splits; code; reproduction,2026-09-10,sarwar2026,Not extracted,Not extracted,Not extracted,Not reproduced
onwuchekwa2024,Enhancing Hypoglycemia Prediction in Type 1 Diabetes through Semantic Knowledge Integration and Machine Learning Optimization,2025 (ESWC 2024),https://link.springer.com/chapter/10.1007/978-3-031-78955-7_4,2024 conference PDF methods; 2025 publisher metadata; final chapter full text unavailable,T1D semantic KG proposal; preliminary MIMIC-III example,Direct conceptual overlap; temporal ontology and embeddings,Final chapter methods; follow-up implementation; matched outpatient evaluation,2026-09-10,onwuchekwa2024,Patient-context semantic KG; ontology and embedding proposal,Hypoglycemia proposal; preliminary glucose example,Not extracted,Not reproduced
rad2024,Personalized Diabetes Management with Digital Twins: A Patient-Centric Knowledge Graph Approach,2024,https://www.mdpi.com/2075-4426/14/4/359,Publisher methods/application sections,Diabetes PHKG and digital twins,Schema and patient-centric prior work,Dataset and benchmark comparability; implementation reuse,2026-09-10,rad2024,Not extracted,Not extracted,Not extracted,Not reproduced
ohio2020,The OhioT1DM Dataset for Blood Glucose Level Prediction: Update 2020,2020,https://webpages.charlotte.edu/rbunescu/data/ohiot1dm/bglp/OhioT1DM-dataset-paper.pdf,Author-hosted paper/search extraction; access page,12 participants; roughly eight weeks each,Proposed benchmark,Authorized release acquisition; availability times; actual coverage,2026-09-10,ohio2020,Not extracted,Not extracted,Not extracted,Not reproduced
t1dexi2023,Examining the Acute Glycemic Effects of Different Types of Structured Exercise Sessions in Type 1 Diabetes in a Real-World Setting: T1DEXI,2023,https://repository.lsu.edu/clinical_research_pubs/218/,Study abstract; Jaeb directory,497 adults in published analysis,Candidate external cohort,Vivli access terms; released fields; eligible hypoglycemia cohort,2026-09-10,t1dexi2023,Not extracted,Not extracted,Not extracted,Not reproduced
ada2026,"Glycemic Goals, Hypoglycemia, and Hyperglycemic Crises: Standards of Care in Diabetes—2026",2026,https://diabetesjournals.org/care/article/49/Supplement_1/S132/163927/6-Glycemic-Goals-Hypoglycemia-and-Hyperglycemic,Publisher definitions,Clinical terminology,Level 1/2/3 classification,Does not prescribe this research label or alert convention,2026-09-10,ada2026,Not extracted,Not extracted,Not extracted,Not reproduced
d1namo,The open D1NAMO dataset: A multi-modal dataset for research on non-invasive type 1 diabetes management,2018,https://zenodo.org/records/5651217,Dataset publication record,20 healthy participants; 9 with T1D,Optional physiology cohort,Original data distribution; licensing; duration and future coverage audit,2026-09-10,d1namo,Not extracted,Not extracted,Not extracted,Not reproduced
duckworth,Explainable Machine Learning for Real-Time Hypoglycemia and Hyperglycemia Prediction and Personalized Control Recommendations,,https://pubmed.ncbi.nlm.nih.gov/35695284/,Bibliographic record located; detailed extraction pending,T1D explainable ML,Candidate non-graph prior work,Extract full method; year/issue; cohort; task; metrics; splits,2026-09-10,duckworth,Not extracted,Not extracted,Not extracted,Not reproduced
cui2023,Jointly Predicting Postprandial Hypoglycemia and Hyperglycemia Using Continuous Glucose Monitoring Data in Type 1 Diabetes,2023,https://pubmed.ncbi.nlm.nih.gov/38082964/,Bibliographic record located; detailed extraction pending,Postprandial prediction,Endpoint comparator,Extract full method; horizon; cohort; splits; explanations,2026-09-10,cui2023,Not extracted,Not extracted,Not extracted,Not reproduced
heter2023,Heterogeneous temporal representation for diabetic blood glucose prediction,2023,https://www.frontiersin.org/journals/physiology/articles/10.3389/fphys.2023.1225638/full,Publisher methods and results sections,Shanghai mixed T1D/T2D CGM,Temporal graph/recurrent prior work,Full split/code audit pending,2026-09-10,heter2023,CGM subsequence similarity graph,Glucose forecasting,Full split/code audit pending,Not reproduced
huni2025,LSTM Networks and Graph Neural Networks for Predicting Events of Hypoglycemia,2025 (S+SSPR 2024),https://link.springer.com/chapter/10.1007/978-3-031-80507-3_6,Publisher abstract; author repository README,37 people with T1D,CGM visibility-graph comparator,Final chapter and split audit pending,2026-09-10,huni2025,Visibility graph,Hypoglycemia; repository any-low-within-horizon label,Final chapter and split audit pending,Not reproduced
sarwar_syscon2026,Explainable Multitask Graph Network for Blood Glucose Forecasting and Hypoglycemia Risk Classification,2026,https://www.researchgate.net/publication/404642556_Explainable_Multitask_Graph_Network_for_Blood_Glucose_Forecasting_and_Hypoglycemia_Risk_Classification,Primary author-uploaded manuscript; methods and diagnostics,BrisT1D,Physiology graph and explanation prior work,Final IEEE copy and reproducible split implementation pending,2026-09-10,sarwar_syscon2026,Fixed modality-summary graph,Future-step glucose and threshold classification,Final IEEE copy and reproducible split implementation pending,Not reproduced
physiocde2026,"Trustworthy Glucose Forecasting with Physiology-Constrained Neural Dynamics, Conformal Risk Control, and Risk-Sensitive Reinforcement Learning",2026,https://epubl.ktu.edu/object/elaba%3A279147543/279147543.pdf,Accepted author manuscript methods and robustness sections,OhioT1DM; BrisT1D,Irregular-input and robustness comparator family,Patient-wise evaluation described; no reproduction,2026-09-10,physiocde2026,Neural CDE; not patient KG,Forecasting and risk metrics,Patient-wise evaluation described; no reproduction,Not reproduced
tgat2020,Inductive Representation Learning on Temporal Graphs,2020,https://arxiv.org/abs/2002.07962,Primary preprint abstract,General temporal graphs,Established time-aware graph learning,Task adaptation required,2026-09-10,tgat2020,Temporal attention,Temporal graph representation learning,Task adaptation required,Not reproduced
tgn2020,Temporal Graph Networks for Deep Learning on Dynamic Graphs,2020,https://arxiv.org/abs/2006.10637,Primary preprint abstract,General dynamic graphs,Established event-based temporal learning,Task adaptation and fold-isolated memory required,2026-09-10,tgn2020,Memory/message temporal graph,Dynamic graph learning,Task adaptation and fold-isolated memory required,Not reproduced
ctrl2024,CTRL: Continuous-Time Representation Learning on Temporal Heterogeneous Information Network,2024,https://arxiv.org/abs/2405.08013,Primary preprint abstract,Temporal heterogeneous information networks,Heterogeneity plus time is established,Not a T1D benchmark,2026-09-10,ctrl2024,Continuous-time heterogeneous graph,Representation learning,Not a T1D benchmark,Not reproduced
grud,Recurrent Neural Networks for Multivariate Time Series with Missing Values,2018 (preprint 2016),https://arxiv.org/abs/1606.01865,Primary preprint abstract,Multivariate time series,Missingness-aware baseline,Adaptation to same event information needed,2026-09-10,grud,GRU-D masks and temporal information,Time-series prediction,Adaptation to same event information needed,Not reproduced
motifdisco2024,MotifDisco: Motif Causal Discovery For Time Series Motifs,2024,https://arxiv.org/abs/2409.15219,Primary preprint abstract,Glucose time-series motifs,Constrains motif-based novelty pivot,Detailed methods and publication status pending,2026-09-10,motifdisco2024,Graph of motifs,Discovery and downstream forecasting/anomaly/clustering,Detailed methods and publication status pending,Not reproduced
bitemporal2021,Bitemporal Property Graphs to Organize Evolving Systems,2021,https://arxiv.org/abs/2111.13499,Primary preprint abstract,Temporal graph databases,Two-time modeling is established,Clinical prediction availability requires separate semantics,2026-09-10,bitemporal2021,Bitemporal property graph,Storage/query/event detection,Clinical prediction availability requires separate semantics,Not reproduced
dynamicpartition2024,Dynamic Partitioning of Graphs Based on Multivariate Blood Glucose Data—A Graph Neural Network Model for Diabetes Prediction,2024,https://www.mdpi.com/2079-9292/13/18/3727,Publisher-indexed abstract; direct retrieval failed,Multivariate glucose,Adjacent graph forecasting work,Full method and task/split extraction pending,2026-09-10,dynamicpartition2024,Dynamic graph partitioning described in abstract,Glucose prediction,Full method and task/split extraction pending,Not reproduced
onwuchekwa_thesis,Advancing Personalized Hypoglycemia Prediction,2025 (repository/institution listing),https://dspace-backend.ub.uni-siegen.de/server/api/core/bitstreams/1e658634-a368-49e9-93b2-4491e750edb8/content,Relevant semantic/temporal passages inspected in initial review,Dissertation with embedded publications,Semantic study family and follow-up leads,Full dissertation extraction pending,2026-09-10,onwuchekwa2024,Semantic and temporal methods,Multiple tasks; do not pool,Full dissertation extraction pending,Not reproduced
